endpoint,effect_value,effect_display,odds_ratio,assertion_probability_pct,lower_95_pct,upper_95_pct
OS,0.0,0.0 days,,2.9,1.4,4.3
OS,3.1,3.1 days,,12.2,9.3,15.2
OS,6.5,6.5 days,,32.2,28.1,36.4
OS,9.2,9.2 days,,59.0,54.6,63.3
OS,11.6,11.6 days,,84.9,81.7,88.1
QoL,0.0,0.0 weeks,,7.3,5.7,8.9
QoL,1.0,1.0 weeks,,28.1,25.3,30.8
QoL,2.0,2.0 weeks,,60.4,57.3,63.4
QoL,3.0,3.0 weeks,,90.5,88.7,92.3
TAOOH,0.0,0 weeks,1.0,5.5,4.1,6.9
TAOOH,0.6,~0.6 weeks,0.9,23.8,21.3,26.3
TAOOH,1.2,~1.2 weeks,0.8,59.8,56.7,62.9
TAOOH,1.8,~1.8 weeks,0.7,90.5,88.7,92.3
